<?xml version="1.0" encoding="UTF-8"?>
<project-private xmlns="http://www.netbeans.org/ns/project-private/1">
    <editor-bookmarks xmlns="http://www.netbeans.org/ns/editor-bookmarks/2" lastBookmarkId="0"/>
    <open-files xmlns="http://www.netbeans.org/ns/projectui-open-files/2">
        <group>
            <file>file:/C:/Users/juanmotor/Documents/NetBeansProjects/GestiondbRest/src/java/gestiondbpaquetes/DataConnect.java</file>
            <file>file:/C:/Users/juanmotor/Documents/NetBeansProjects/GestiondbRest/web/login.xhtml</file>
            <file>file:/C:/Users/juanmotor/Documents/NetBeansProjects/GestiondbRest/web/home.xhtml</file>
            <file>file:/C:/Users/juanmotor/Documents/NetBeansProjects/GestiondbRest/src/java/gestiondbpaquetes/logincontroller.java</file>
            <file>file:/C:/Users/juanmotor/Documents/NetBeansProjects/GestiondbRest/web/index.html</file>
        </group>
    </open-files>
</project-private>
